Coordinate,RMSE_uWN_std,RMSE_cWN_std,RMSE_uWN_orig,RMSE_cWN_orig
X,0.018441440537571907,0.01433411706238985,0.12720221281051636,0.09887143224477768
Y,0.022610316053032875,0.032950568944215775,0.184381902217865,0.26870423555374146
Z,0.006411639507859945,0.03077712655067444,0.05957643315196037,0.2859783172607422
